INSERT INTO TG_EMPLOYEE (employee_id,employee_code,NAME,EMAIL_ID,PHONE_NUMBER) VALUES (0001,'EMP-001','John','test@test.com',345678);
INSERT INTO TG_EMPLOYEE (employee_id,employee_code,NAME,EMAIL_ID,PHONE_NUMBER) VALUES (0002,'EMP-002','mark','mark@test.com',345678);
INSERT INTO TG_EMPLOYEE (employee_id,employee_code,NAME,EMAIL_ID,PHONE_NUMBER) VALUES (0003,'EMP-003','ben','ben@test.com',345678);
INSERT INTO TG_EMPLOYEE (employee_id,employee_code,NAME,EMAIL_ID,PHONE_NUMBER) VALUES (0004,'EMP-004','hendry','hendry@test.com',345678);
INSERT INTO TG_EMPLOYEE (employee_id,employee_code,NAME,EMAIL_ID,PHONE_NUMBER) VALUES (0005,'EMP-005','paul','paul@test.com',345678);
INSERT INTO TG_EMPLOYEE (employee_id,employee_code,NAME,EMAIL_ID,PHONE_NUMBER) VALUES (0006,'EMP-006','tina','tina@test.com',345678);
INSERT INTO TG_EMPLOYEE (employee_id,employee_code,NAME,EMAIL_ID,PHONE_NUMBER) VALUES (0007,'EMP-007','julie','julie@test.com',345678);

INSERT INTO TG_CUSTOMER (CUSTOMER_ID,CUSTOMER_CODE,NAME,EMAIL_ID,PHONE_NUMBER) VALUES (1001,'COO1','John','test@gtest.com',345678);
INSERT INTO TG_CUSTOMER (CUSTOMER_ID,CUSTOMER_CODE,NAME,EMAIL_ID,PHONE_NUMBER) VALUES (1002,'COO2','Mark','mark@gtest.com',345678);

INSERT INTO TG_CUSTOMER_ADDRESS (ADDRESS_ID,ADDRESS_TYPE,ADDRESS1,ADDRESS2,ADDRESS3,CITY,STATE,COUNTRY,ZIP_CODE,CUSTOMER_ID) VALUES (2001,'COMM','1224 street',null,null,'chennai','tamil nadu','india','600053',1001);
INSERT INTO TG_CUSTOMER_ADDRESS (ADDRESS_ID,ADDRESS_TYPE,ADDRESS1,ADDRESS2,ADDRESS3,CITY,STATE,COUNTRY,ZIP_CODE,CUSTOMER_ID) VALUES (2002,'PERM','0987 sample street',null,null,'chennai','tamil nadu','india','600053',1001);
INSERT INTO TG_CUSTOMER_ADDRESS (ADDRESS_ID,ADDRESS_TYPE,ADDRESS1,ADDRESS2,ADDRESS3,CITY,STATE,COUNTRY,ZIP_CODE,CUSTOMER_ID) VALUES (2003,'COMM','1224 street',null,null,'chennai','tamil nadu','india','600053',1002);

INSERT INTO TG_EMPLOYEE_ADDRESS (ADDRESS_ID,ADDRESS_TYPE,ADDRESS1,ADDRESS2,ADDRESS3,CITY,STATE,COUNTRY,ZIP_CODE,employee_id) VALUES (3001,'PERM','0987 sample street',null,null,'chennai','tamil nadu','india','600053',0001);
INSERT INTO TG_EMPLOYEE_ADDRESS (ADDRESS_ID,ADDRESS_TYPE,ADDRESS1,ADDRESS2,ADDRESS3,CITY,STATE,COUNTRY,ZIP_CODE,employee_id) VALUES (3002,'PERM','0987 sample street',null,null,'chennai','tamil nadu','india','600053',0002);

INSERT INTO TG_ROLE(role_id,name,description) VALUES (1,'admin','administrator');
INSERT INTO TG_ROLE(role_id,name,description) VALUES (2,'COO','Chief Operating Office');
INSERT INTO TG_ROLE(role_id,name,description) VALUES (3,'manager','manager');
INSERT INTO TG_ROLE(role_id,name,description) VALUES (4,'trainee','trainee');
INSERT INTO TG_ROLE(role_id,name,description) VALUES (5,'callcenterExecutive','Call Center Executive');


INSERT INTO TG_PRIVILEGE(privilege_id,name,description) VALUES (1,'superadmin','super administrator');
INSERT INTO TG_PRIVILEGE(privilege_id,name,description) VALUES (2,'canadministoruser','user management');
INSERT INTO TG_PRIVILEGE(privilege_id,name,description) VALUES (3,'canapprovecreditrequest','Approve credit card request');
INSERT INTO TG_PRIVILEGE(privilege_id,name,description) VALUES (4,'canviewercreditrequest','viewer credit card request');
INSERT INTO TG_PRIVILEGE(privilege_id,name,description) VALUES (5,'canviewercustomerinfo','View customer information');
INSERT INTO TG_PRIVILEGE(privilege_id,name,description) VALUES (6,'canaccessreadonly','access only readonly mode');

INSERT INTO TG_ROLE_PRIVILEGE( role_priv_id ,role_id ,privilege_id ) VALUES (1,1,1);
INSERT INTO TG_ROLE_PRIVILEGE( role_priv_id ,role_id ,privilege_id ) VALUES (2,1,2);
INSERT INTO TG_ROLE_PRIVILEGE( role_priv_id ,role_id ,privilege_id ) VALUES (3,1,3);
INSERT INTO TG_ROLE_PRIVILEGE( role_priv_id ,role_id ,privilege_id ) VALUES (4,1,4);
INSERT INTO TG_ROLE_PRIVILEGE( role_priv_id ,role_id ,privilege_id ) VALUES (5,1,5);


INSERT INTO TG_ROLE_PRIVILEGE( role_priv_id ,role_id ,privilege_id ) VALUES (6,2,3);
INSERT INTO TG_ROLE_PRIVILEGE( role_priv_id ,role_id ,privilege_id ) VALUES (7,2,4);
INSERT INTO TG_ROLE_PRIVILEGE( role_priv_id ,role_id ,privilege_id ) VALUES (8,2,5);


INSERT INTO TG_ROLE_PRIVILEGE( role_priv_id ,role_id ,privilege_id ) VALUES (10,3,3);
INSERT INTO TG_ROLE_PRIVILEGE( role_priv_id ,role_id ,privilege_id ) VALUES (11,3,4);
INSERT INTO TG_ROLE_PRIVILEGE( role_priv_id ,role_id ,privilege_id ) VALUES (12,3,5);

INSERT INTO TG_ROLE_PRIVILEGE( role_priv_id ,role_id ,privilege_id ) VALUES (13,4,6);

INSERT INTO TG_ROLE_PRIVILEGE( role_priv_id ,role_id ,privilege_id ) VALUES (14,5,4);
INSERT INTO TG_ROLE_PRIVILEGE( role_priv_id ,role_id ,privilege_id ) VALUES (15,5,5);

INSERT INTO TG_USER_ROLE( user_role_id ,role_id ,employee_id ) VALUES (1,1,0001);
INSERT INTO TG_USER_ROLE( user_role_id ,role_id ,employee_id ) VALUES (2,2,0002);
INSERT INTO TG_USER_ROLE( user_role_id ,role_id ,employee_id ) VALUES (3,3,0003);
INSERT INTO TG_USER_ROLE( user_role_id ,role_id ,employee_id ) VALUES (4,4,0004);
INSERT INTO TG_USER_ROLE( user_role_id ,role_id ,employee_id ) VALUES (5,5,0005);
INSERT INTO TG_USER_ROLE( user_role_id ,role_id ,employee_id ) VALUES (6,3,0006);
INSERT INTO TG_USER_ROLE( user_role_id ,role_id ,employee_id ) VALUES (7,2,0007);

INSERT INTO TG_USER_OPT_PRIV(user_opt_priv_id,privilege_id,employee_id) VALUES (1,2,0003);
INSERT INTO TG_USER_OPT_PRIV(user_opt_priv_id,privilege_id,employee_id) VALUES (2,3,0002);


INSERT INTO TG_CARD_TYPE(TYPE_ID,TYPE,TYPE_CODE,TYPE_DESCRIPTION) VALUES (0001,'CREDIT','CRT-001','Credit card');
INSERT INTO TG_CARD_TYPE(TYPE_ID,TYPE,TYPE_CODE,TYPE_DESCRIPTION) VALUES (0002,'DEBIT','DBT-001','Debit card');

INSERT INTO TG_CARD (CARD_ID,CARD_CODE,CARD_NAME,TYPE_ID) VALUES (2001,'CRD-1001','Rewards Credit Cards',0001);
INSERT INTO TG_CARD (CARD_ID,CARD_CODE,CARD_NAME,TYPE_ID) VALUES (2002,'CRD-1002','Premium Rewards Credit Cards',0001);
INSERT INTO TG_CARD (CARD_ID,CARD_CODE,CARD_NAME,TYPE_ID) VALUES (2003,'CRD-1003','Retail Credit Cards',0001);
INSERT INTO TG_CARD (CARD_ID,CARD_CODE,CARD_NAME,TYPE_ID) VALUES (2004,'CRD-1004','Small business Credit Cards',0001);
INSERT INTO TG_CARD (CARD_ID,CARD_CODE,CARD_NAME,TYPE_ID) VALUES (2005,'CRD-1005','Corporate debit Cards',0002);

INSERT INTO TG_ELIGIBLE_CATEGORY (ELIGIBLE_ID ,ELIGIBLE_NAME,ELIGIBLE_AGE ,ELIGIBLE_SALARY,ELIGIBLE_SALARIED ) VALUES (5001,'ELIGIBLE-HIGH','25',300000,'Y');
INSERT INTO TG_ELIGIBLE_CATEGORY (ELIGIBLE_ID ,ELIGIBLE_NAME,ELIGIBLE_AGE ,ELIGIBLE_SALARY,ELIGIBLE_SALARIED ) VALUES (5002,'ELIGIBLE-MEDIUM','20',200000,'Y');
INSERT INTO TG_ELIGIBLE_CATEGORY (ELIGIBLE_ID ,ELIGIBLE_NAME,ELIGIBLE_AGE ,ELIGIBLE_SALARY,ELIGIBLE_SALARIED ) VALUES (5003,'ELIGIBLE-LOW','20',100000,'N');
INSERT INTO TG_ELIGIBLE_CATEGORY (ELIGIBLE_ID ,ELIGIBLE_NAME,ELIGIBLE_AGE ,ELIGIBLE_SALARY,ELIGIBLE_SALARIED ) VALUES (5004,'ELIGIBLE-GENERAL','20',50000,'N');
INSERT INTO TG_CARD_PRICE_OFFER (PRICE_OFFER_ID,INTEREST,ANNUAL_CHARGE) VALUES (3001,'12.5',0);
INSERT INTO TG_CARD_PRICE_OFFER (PRICE_OFFER_ID,INTEREST,ANNUAL_CHARGE) VALUES (3002,'8.5',500);
INSERT INTO TG_CARD_PRICE_OFFER (PRICE_OFFER_ID,INTEREST,ANNUAL_CHARGE) VALUES (3003,'1.5',1500);

INSERT INTO TG_ELIGIBLE_OFFER (ELIGIBLE_OFFER_ID,ELIGIBLE_ID,PRICE_OFFER_ID) VALUES (4001,5001,3003);
INSERT INTO TG_ELIGIBLE_OFFER (ELIGIBLE_OFFER_ID,ELIGIBLE_ID,PRICE_OFFER_ID) VALUES (4002,5002,3002);
INSERT INTO TG_ELIGIBLE_OFFER (ELIGIBLE_OFFER_ID,ELIGIBLE_ID,PRICE_OFFER_ID) VALUES (4003,5003,3002);
INSERT INTO TG_ELIGIBLE_OFFER (ELIGIBLE_OFFER_ID,ELIGIBLE_ID,PRICE_OFFER_ID) VALUES (4004,5004,3001);


INSERT INTO TG_CARD_ELIGIBLE_OFFER (ELIGIBLE_PRICE_OFFER_ID,ELIGIBLE_OFFER_ID,CARD_ID) VALUES (6001,4002,2001);
INSERT INTO TG_CARD_ELIGIBLE_OFFER (ELIGIBLE_PRICE_OFFER_ID,ELIGIBLE_OFFER_ID,CARD_ID) VALUES (6002,4001,2002);
INSERT INTO TG_CARD_ELIGIBLE_OFFER (ELIGIBLE_PRICE_OFFER_ID,ELIGIBLE_OFFER_ID,CARD_ID) VALUES (6003,4002,2005);

INSERT INTO TG_CARD_ELIGIBLE_OFFER (ELIGIBLE_PRICE_OFFER_ID,ELIGIBLE_OFFER_ID,CARD_ID) VALUES (6004,4003,2003);
INSERT INTO TG_CARD_ELIGIBLE_OFFER (ELIGIBLE_PRICE_OFFER_ID,ELIGIBLE_OFFER_ID,CARD_ID) VALUES (6005,4004,2004);

INSERT INTO TG_CUSTOMER_APP_STATUS (CUSTOMER_APP_STATUS_ID,CUSTOMER_ID,CARD_ID,CONSTRAINT_CODE,COMMENTS) VALUES (7001,1001,2001,'APP_001',null);
INSERT INTO TG_CUSTOMER_APP_STATUS (CUSTOMER_APP_STATUS_ID,CUSTOMER_ID,CARD_ID,CONSTRAINT_CODE,COMMENTS) VALUES (7002,1001,2002,'APP_004','looks fine approved');
INSERT INTO TG_CUSTOMER_APP_STATUS (CUSTOMER_APP_STATUS_ID,CUSTOMER_ID,CARD_ID,CONSTRAINT_CODE,COMMENTS) VALUES (7003,1001,2003,'APP_002','done');
INSERT INTO TG_CUSTOMER_APP_STATUS (CUSTOMER_APP_STATUS_ID,CUSTOMER_ID,CARD_ID,CONSTRAINT_CODE,COMMENTS) VALUES (7004,1002,2002,'APP_004','approved');
INSERT INTO TG_CUSTOMER_APP_STATUS (CUSTOMER_APP_STATUS_ID,CUSTOMER_ID,CARD_ID,CONSTRAINT_CODE,COMMENTS) VALUES (7005,1003,2001,'APP_005','does not meet requirment');

INSERT INTO TG_CARD_CONSTANTS(CONSTRAINT_CODE,CONSTRAINT_VALUE,CONSTRAINT_DESC) VALUES ('APP_001','Incomple Application','Application pending with customer');
INSERT INTO TG_CARD_CONSTANTS(CONSTRAINT_CODE,CONSTRAINT_VALUE,CONSTRAINT_DESC) VALUES ('APP_002','Application Submitted','Application pending with customer');
INSERT INTO TG_CARD_CONSTANTS(CONSTRAINT_CODE,CONSTRAINT_VALUE,CONSTRAINT_DESC) VALUES ('APP_004','Application Approved','Application Approved');
INSERT INTO TG_CARD_CONSTANTS(CONSTRAINT_CODE,CONSTRAINT_VALUE,CONSTRAINT_DESC) VALUES ('APP_005','Application Rejected','Application Rejected');
INSERT INTO TG_CARD_CONSTANTS(CONSTRAINT_CODE,CONSTRAINT_VALUE,CONSTRAINT_DESC) VALUES ('UPS_001','https://www.ups.com/track?loc=en_US&requester=ST/','ups tracking base url');
INSERT INTO TG_CARD_CONSTANTS(CONSTRAINT_CODE,CONSTRAINT_VALUE,CONSTRAINT_DESC) VALUES ('BLD_001','https://www.bluedart.com/track?loc=en_US&requester=ST/','blue dart tracking base url');

INSERT INTO TG_CARD_SHIPPING_DETAILS(CARD_SHIPPING_DETAILS_ID,CUSTOMER_APP_STATUS_ID,SHIPPER_NAME,TRACKING_ID,CONSTRAINT_CODE) VALUES (9001,7002,'UPS','ESFGUHIJHJVHJGCV123','UPS_001');
INSERT INTO TG_CARD_SHIPPING_DETAILS(CARD_SHIPPING_DETAILS_ID,CUSTOMER_APP_STATUS_ID,SHIPPER_NAME,TRACKING_ID,CONSTRAINT_CODE) VALUES (9002,7004,'BLUEDART','sfvghsvafhsv','BLD_001');
